,Building Address,Latitude,Longitude,City,Municipality,Date,Building Age,Price per m2,Number of apartments,Population Total,Pet Policy,Trash gathering interval/Days,Trash collected in kg
0,"Sítio de Castro, 86",-20.87306,-48.29694,SP,Viradouro,2023-03-19T00:48:02,44,24062,38,266,False,2,1033.69
1,"Fazenda Ribeiro, 419",-19.72806,-50.19556,SP,Iturama,2022-12-14T21:55:43,55,17566,34,68,False,3,86.68
2,"Chácara Ana Luiza Ferreira, 837",-28.44917,-52.2,SP,Marau,2021-05-22T17:15:57,31,17944,24,120,False,2,447.29
3,"Avenida de da Cruz, 6",-20.87306,-48.29694,SP,Viradouro,2021-06-02T14:22:54,45,16546,23,115,False,1,89.33
4,"Lago Nogueira, 62",-28.44917,-52.2,SP,Marau,2022-10-16T17:28:01,60,17521,35,175,False,2,647.97
5,"Parque de Teixeira, 563",-20.87306,-48.29694,SP,Viradouro,2023-03-25T22:33:32,60,12413,38,76,True,3,254.33
6,"Vale Rocha, 746",-8.05389,-34.88111,RE,Recife,2021-08-20T10:43:44,47,8712,25,75,False,4,523.48
7,"Campo de Campos, 66",-21.205,-41.88778,SP,Itaperuna,2022-02-06T19:56:40,24,16379,44,132,False,2,510.8
8,"Ladeira da Mata, 79",-8.66667,-35.71667,RE,Catende,2022-08-26T07:54:53,45,10345,29,232,True,2,540.75
9,"Parque Daniel Rodrigues, 6",-22.53722,-42.98194,SP,Guapimirim,2021-08-13T01:36:40,72,22652,15,90,False,1,133.58
10,"Sítio Levi Pereira, 63",-23.7975,-48.59278,SP,Buri,2022-11-25T04:39:44,44,22780,34,170,False,3,796.26
11,"Fazenda de Novaes, 11",-19.72806,-50.19556,SP,Iturama,2022-06-17T23:57:07,51,20682,24,144,True,2,270.34
12,"Viaduto Agatha Farias, 45",-19.32556,-41.25528,SP,Resplendor,2022-03-30T07:34:15,62,29724,31,62,False,4,428.06
13,Quadra Leonardo Duarte,-25.42944,-50.00639,SP,Palmeira,2022-08-10T22:53:51,31,16967,17,102,True,2,388.63
14,"Esplanada Caldeira, 39",-28.44917,-52.2,SP,Marau,2023-03-21T13:10:47,45,25587,34,170,True,3,774.62
15,"Condomínio Maria Cecília Pinto, 48",-21.205,-41.88778,SP,Itaperuna,2023-04-19T22:01:05,39,25103,32,128,True,1,329.79
16,"Vale Pedro Henrique Alves, 501",-22.57306,-47.1725,SP,Artur Nogueira,2022-12-11T06:21:03,41,17289,22,44,True,1,58.13
17,Alameda Sophie Aragão,-22.45667,-47.53028,SP,Santa Gertrudes,2021-12-01T15:50:00,68,13107,28,140,True,3,543.81
18,"Alameda Souza, 74",-23.44361,-51.87389,SP,Sarandi,2022-06-27T18:14:57,33,8499,27,108,True,1,113.29
19,"Largo Novaes, 91",-22.57306,-47.1725,SP,Artur Nogueira,2022-12-30T08:37:57,44,18346,29,116,False,3,381.59
20,"Favela de Nascimento, 7",-23.7975,-48.59278,SP,Buri,2022-03-11T18:59:40,60,23001,27,81,False,3,452.72
21,"Feira Correia, 13",-21.205,-41.88778,SP,Itaperuna,2023-03-06T22:10:01,23,23024,13,52,True,2,207.76
22,Esplanada de Melo,-22.53722,-42.98194,SP,Guapimirim,2021-12-26T08:09:25,63,38491,34,102,True,4,611.72
23,Avenida Alana Monteiro,-28.81833,-52.51028,SP,Soledade,2022-06-05T17:20:41,42,13216,19,95,True,3,429.83
24,"Residencial da Mata, 417",-20.25333,-43.80139,SP,Itabirito,2022-08-29T01:25:46,29,18482,31,155,False,3,339.44
25,"Praia de Ramos, 307",-8.66667,-35.71667,RE,Catende,2021-08-24T10:08:09,70,9724,25,25,True,5,155.89
26,"Trevo Calebe Duarte, 76",-25.42944,-50.00639,SP,Palmeira,2022-04-29T04:07:28,47,22260,33,165,True,3,1048.08
27,"Condomínio João Gabriel Araújo, 1",-21.205,-41.88778,SP,Itaperuna,2022-07-04T01:30:28,44,19412,33,198,False,3,855.66
28,"Vila de Alves, 744",-28.44917,-52.2,SP,Marau,2023-04-09T21:27:09,63,15681,37,111,False,1,390.84
29,"Residencial de Caldeira, 65",-21.41222,-42.19667,SP,Miracema,2022-06-09T09:23:13,33,24360,26,104,True,4,948.17
30,"Estação Isadora Viana, 97",-26.22861,-52.67056,SP,Pato Branco,2021-06-29T22:52:17,58,22333,30,90,False,2,280.33
31,"Ladeira Igor Azevedo, 23",-28.44917,-52.2,SP,Marau,2021-08-12T01:21:24,36,24206,39,117,True,3,700.8
32,"Avenida da Mata, 3",-28.24,-48.67028,SP,Imbituba,2021-10-12T01:11:57,30,17406,20,40,False,2,174.94
33,"Setor Pires, 54",-19.7625,-44.31389,SP,Esmeraldas,2023-01-11T04:57:42,28,23964,28,112,False,3,548.93
34,"Estrada de Peixoto, 1",-8.05389,-34.88111,RE,Recife,2023-01-13T14:28:53,37,7827,19,57,True,2,139.97
35,Praça de Duarte,-22.97056,-46.99583,SP,Valinhos,2021-08-28T05:28:16,50,18267,36,144,True,4,1401.87
36,"Estrada de Souza, 80",-8.66667,-35.71667,RE,Catende,2023-01-18T16:13:18,58,11986,22,132,False,3,835.47
37,"Vila de da Rocha, 85",-22.53722,-42.98194,SP,Guapimirim,2022-07-13T08:44:31,45,32804,39,156,False,2,824.2
38,"Favela Melo, 578",-8.66667,-35.71667,RE,Catende,2023-03-01T23:29:46,67,9896,18,54,False,3,246.03
39,"Colônia Anthony da Cruz, 2",-20.87306,-48.29694,SP,Viradouro,2022-06-18T08:28:00,58,21136,30,90,True,2,222.3
40,"Residencial de Rezende, 516",-8.05389,-34.88111,RE,Recife,2022-02-08T10:20:27,67,9393,23,69,True,3,241.06
41,"Loteamento Maria Sophia Martins, 9",-20.87306,-48.29694,SP,Viradouro,2022-08-28T21:57:38,46,18268,49,147,False,2,481.52
42,"Núcleo de Moraes, 65",-8.28333,-35.03333,RE,Cabo,2021-10-21T16:01:31,48,11004,28,168,True,2,176.04
43,Fazenda Viana,-26.22861,-52.67056,SP,Pato Branco,2022-07-20T19:09:19,36,22681,37,74,True,3,833.72
44,"Chácara de Sales, 4",-20.25333,-43.80139,SP,Itabirito,2023-03-11T11:12:20,44,24359,28,56,False,2,135.33
45,"Setor Heloísa da Costa, 56",-17.74431,-48.62789,SP,Caldas Novas,2023-03-01T15:18:00,21,20658,26,52,False,2,187.23
46,"Recanto Sophia Duarte, 25",-28.44917,-52.2,SP,Marau,2022-10-19T08:57:51,34,19967,18,54,False,3,315.97
47,"Recanto de Almeida, 270",-25.42944,-50.00639,SP,Palmeira,2023-02-04T23:20:20,41,21240,25,50,False,1,50.12
48,"Jardim Silveira, 68",-22.53722,-42.98194,SP,Guapimirim,2022-11-05T05:24:43,37,17002,20,80,True,1,145.19
49,"Sítio Luna Castro, 409",-21.205,-41.88778,SP,Itaperuna,2022-03-06T16:11:24,66,21747,23,161,False,-1,-111.7
50,Vale Eduarda Martins,-19.7625,-44.31389,SP,Esmeraldas,2022-10-20T09:03:04,59,15169,39,156,False,2,339.23
51,"Área Correia, 7",-28.81833,-52.51028,SP,Soledade,2022-12-21T13:37:35,35,16732,19,57,False,3,159.47
52,"Campo Raquel Lopes, 98",-23.7975,-48.59278,SP,Buri,2022-04-01T07:32:18,49,14581,38,76,True,4,316.12
53,"Loteamento de Ribeiro, 39",-21.41222,-42.19667,SP,Miracema,2022-05-04T12:55:33,72,14739,34,204,True,1,364.01
54,"Avenida da Costa, 644",-19.72806,-50.19556,SP,Iturama,2022-02-26T17:46:26,52,25248,22,66,False,5,391.49
55,"Campo Costa, 296",-21.42917,-45.94722,SP,Alfenas,2023-01-15T11:19:40,44,21973,15,90,True,5,1012.07
56,Recanto Olivia Dias,-8.28333,-35.03333,RE,Cabo,2023-03-08T01:25:29,45,10123,32,288,True,4,1296.34
57,"Loteamento de Jesus, 64",-19.72806,-50.19556,SP,Iturama,2022-12-29T12:22:12,35,16016,28,28,False,4,298.06
58,"Sítio Luiz Henrique da Mata, 8",-29.2975,-51.50361,SP,Carlos Barbosa,2021-06-13T11:34:38,42,16921,34,102,True,4,843.55
59,"Colônia de Gomes, 23",-21.205,-41.88778,SP,Itaperuna,2022-10-11T01:50:21,65,21411,45,270,True,4,1902.99
60,"Quadra de Cardoso, 85",-23.7975,-48.59278,SP,Buri,2021-06-10T06:43:58,37,22312,7,28,False,3,111.37
61,"Trecho Pietra da Conceição, 22",-8.28333,-35.03333,RE,Cabo,2021-06-29T09:29:35,56,10202,19,76,True,3,294.14
62,"Rodovia da Conceição, 7",-19.32556,-41.25528,SP,Resplendor,2021-12-31T06:35:46,72,22541,20,40,False,6,791.54
63,"Largo Paulo Mendes, 75",-28.24,-48.67028,SP,Imbituba,2021-06-15T20:03:24,45,18448,30,90,True,2,234.09
64,"Praia Nogueira, 515",-25.42778,-49.27306,SP,Curitiba,2021-09-08T08:07:25,55,17764,18,72,True,3,479.33
65,"Jardim Lopes, 92",-21.41222,-42.19667,SP,Miracema,2022-09-20T21:52:34,43,14344,27,108,False,3,814.1
66,"Distrito de Lima, 148",-21.42917,-45.94722,SP,Alfenas,2021-09-26T06:38:10,40,19650,26,52,False,4,284.97
67,Fazenda de Cardoso,-22.53722,-42.98194,SP,Guapimirim,2022-10-23T13:22:22,54,16577,30,120,True,4,1702.95
68,"Setor Igor da Conceição, 50",-17.74431,-48.62789,SP,Caldas Novas,2021-12-11T04:54:26,80,22712,32,160,False,3,59.86
69,"Sítio da Rocha, 60",-19.72806,-50.19556,SP,Iturama,2021-10-23T17:30:30,59,14570,32,64,True,1,105.48
70,"Trevo Lima, 14",-8.05389,-34.88111,RE,Recife,2022-03-29T12:29:04,40,10617,25,125,True,4,344.71
71,"Vereda de Novaes, 87",-26.22861,-52.67056,SP,Pato Branco,2021-08-14T21:16:45,46,16634,30,120,True,2,897.74
72,"Largo Thomas Peixoto, 35",-21.42917,-45.94722,SP,Alfenas,2022-05-26T00:50:20,59,14455,32,192,False,1,308.45
73,"Sítio de Silveira, 24",-26.22861,-52.67056,SP,Pato Branco,2022-09-22T00:13:59,1,13895,22,66,False,1,72.49
74,"Passarela Carvalho, 8",-26.22861,-52.67056,SP,Pato Branco,2022-06-30T09:03:51,24,11334,22,66,True,2,40.04
75,Colônia de Martins,-22.57306,-47.1725,SP,Artur Nogueira,2021-11-15T01:03:21,57,17205,34,34,True,4,286.09
76,"Vereda de Oliveira, 97",-28.44917,-52.2,SP,Marau,2022-12-14T11:35:31,25,26350,27,162,True,2,557.07
77,"Aeroporto Ana Julia Azevedo, 64",-23.7975,-48.59278,SP,Buri,2022-09-02T20:35:26,51,17916,31,93,False,2,503.54
78,"Distrito da Costa, 85",-22.45667,-47.53028,SP,Santa Gertrudes,2021-06-28T06:02:47,59,27163,30,60,True,2,177.55
79,Parque de Rodrigues,-21.42917,-45.94722,SP,Alfenas,2022-01-29T17:30:40,53,16743,26,182,True,1,508.79
80,"Vereda Emanuella Barros, 96",-20.87306,-48.29694,SP,Viradouro,2022-07-25T15:57:23,54,26930,25,100,True,2,304.85
81,"Jardim Correia, 42",-28.44917,-52.2,SP,Marau,2022-09-11T23:14:52,60,22112,36,144,False,4,1195.09
82,"Passarela Campos, 544",-28.44917,-52.2,SP,Marau,2022-09-25T12:45:56,36,23084,23,115,True,2,81.68
83,"Estrada Danilo Gomes, 52",-8.05389,-34.88111,RE,Recife,2021-05-18T20:16:29,44,6323,24,48,True,4,260.65
84,Praça Caio Moreira,-29.2975,-51.50361,SP,Carlos Barbosa,2023-04-19T14:42:36,57,24678,19,95,True,1,59.85
85,Estrada da Luz,-26.22861,-52.67056,SP,Pato Branco,2022-01-21T02:17:05,56,19349,27,162,True,2,513.9
86,"Colônia Melissa da Luz, 98",-8.05389,-34.88111,RE,Recife,2022-07-06T14:49:33,54,11192,23,-23,True,2,-15.83
87,"Morro Vinicius Castro, 90",-20.25333,-43.80139,SP,Itabirito,2021-10-25T10:49:56,52,25969,21,63,False,3,452.26
88,"Morro Maria Cecília Pires, 225",-8.28333,-35.03333,RE,Cabo,2021-09-10T21:36:49,44,15253,20,60,True,6,567.67
89,Largo de Araújo,-22.45667,-47.53028,SP,Santa Gertrudes,2022-05-04T20:27:52,70,25960,34,136,False,3,501.6
90,Chácara João Lucas Peixoto,-23.44361,-51.87389,SP,Sarandi,2022-09-03T00:25:00,43,22870,29,145,True,3,1102.34
91,"Vale Carvalho, 941",-23.7975,-48.59278,SP,Buri,2023-01-14T03:03:17,37,22907,33,198,True,2,532.37
92,"Conjunto Alice Aragão, 7",-23.44361,-51.87389,SP,Sarandi,2022-01-14T06:27:48,50,23798,20,40,False,2,93.63
93,"Estação Emanuella Castro, 43",-17.74431,-48.62789,SP,Caldas Novas,2022-02-07T17:35:28,-4,8483,16,32,False,2,40.54
94,"Aeroporto de Jesus, 464",-22.45667,-47.53028,SP,Santa Gertrudes,2022-02-18T14:37:31,72,11821,19,57,False,1,174.19
95,"Vale Mirella Melo, 22",-22.97056,-46.99583,SP,Valinhos,2021-09-04T20:17:04,19,23415,36,36,False,2,74.22
96,"Esplanada da Mota, 79",-28.81833,-52.51028,SP,Soledade,2023-03-12T03:39:01,78,22431,30,90,False,1,83.79
97,"Parque de Teixeira, 362",-8.28333,-35.03333,RE,Cabo,2022-05-20T18:16:25,47,8327,21,105,False,5,361.05
98,"Lago Gomes, 40",-19.7625,-44.31389,SP,Esmeraldas,2022-10-31T16:24:30,63,25003,36,144,True,4,1096.94
99,"Viela João Pedro Sales, 45",-22.92306,-53.13722,SP,Loanda,2021-11-02T16:45:10,56,17167,15,45,True,2,108.64
100,"Alameda Costela, 56",-26.22861,-52.67056,SP,Pato Branco,2021-10-04T13:38:51,36,16728,19,76,False,5,420.11
101,"Morro da Conceição, 8",-28.24,-48.67028,SP,Imbituba,2021-07-04T08:37:48,30,7418,25,150,True,2,719.99
102,"Sítio Gonçalves, 388",-8.05389,-34.88111,RE,Recife,2023-01-01T12:30:17,59,6661,35,105,True,4,534.7
103,"Vila Ribeiro, 45",-20.25333,-43.80139,SP,Itabirito,2023-03-01T11:17:25,35,18548,36,36,False,1,36.93
104,Largo de da Costa,-19.72806,-50.19556,SP,Iturama,2022-12-24T11:02:32,52,9749,36,72,True,1,108.4
105,"Largo Rodrigues, 80",-19.32556,-41.25528,SP,Resplendor,2023-04-14T13:13:48,23,25893,31,186,False,3,1648.28
106,"Ladeira Azevedo, 358",-20.87306,-48.29694,SP,Viradouro,2021-08-31T19:17:58,33,17570,21,63,False,4,556.69
107,"Morro Mendes, 32",-17.74431,-48.62789,SP,Caldas Novas,2023-02-24T01:20:59,55,18625,30,180,False,2,575.44
108,"Vale Cauã Moraes, 34",-23.7975,-48.59278,SP,Buri,2023-04-20T23:53:28,41,17658,16,48,False,2,132.66
109,"Campo Bruno Rodrigues, 19",-21.41222,-42.19667,SP,Miracema,2022-09-12T17:46:24,62,15620,45,90,True,3,548.78
110,"Distrito Nogueira, 44",-22.53722,-42.98194,SP,Guapimirim,2021-07-31T08:50:09,20,24887,28,140,False,2,575.74
111,Trevo Lopes,-8.05389,-34.88111,RE,Recife,2022-01-13T06:56:51,57,11327,18,54,False,4,183.29
112,"Setor da Rocha, 38",-20.87306,-48.29694,SP,Viradouro,2022-09-27T22:19:52,44,22942,31,155,False,4,2034.63
113,"Recanto Brenda Moura, 28",-21.41222,-42.19667,SP,Miracema,2022-04-24T11:07:26,41,17455,35,140,True,3,46.33
114,Jardim Lima,-19.7625,-44.31389,SP,Esmeraldas,2021-08-24T03:03:54,76,25053,32,128,True,3,1153.22
115,"Estação de Fernandes, 7",-21.42917,-45.94722,SP,Alfenas,2023-04-02T21:47:14,54,19245,23,138,False,2,566.31
116,"Praia Evelyn Rodrigues, 57",-28.81833,-52.51028,SP,Soledade,2021-11-08T03:53:29,11,13425,32,128,False,2,424.94
117,"Ladeira Eduarda Mendes, 65",-23.7975,-48.59278,SP,Buri,2022-04-04T07:10:24,66,22255,30,150,True,2,565.41
118,Campo Gomes,-21.205,-41.88778,SP,Itaperuna,2021-10-19T23:08:01,41,22507,31,186,True,3,682.43
119,"Sítio Elisa Gonçalves, 208",-21.42917,-45.94722,SP,Alfenas,2021-11-27T19:05:02,41,5172,20,80,False,2,131.32
120,"Residencial de Moreira, 361",-22.53722,-42.98194,SP,Guapimirim,2021-09-18T09:05:44,36,14087,14,70,False,2,442.85
121,"Núcleo Emilly Silva, 505",-22.57306,-47.1725,SP,Artur Nogueira,2021-12-29T05:34:10,15,19982,29,174,True,2,571.27
122,Loteamento de Duarte,-17.74431,-48.62789,SP,Caldas Novas,2021-10-27T17:55:41,52,20343,27,54,True,4,230.99
123,"Feira de Castro, 954",-8.28333,-35.03333,RE,Cabo,2022-11-17T21:52:55,64,9608,26,156,True,4,1057.54
124,"Chácara Ramos, 570",-28.81833,-52.51028,SP,Soledade,2021-09-30T14:23:20,61,19040,30,150,True,3,1289.23
125,"Alameda Farias, 8",-22.57306,-47.1725,SP,Artur Nogueira,2022-03-15T12:50:15,37,14849,30,150,False,3,1457.96
126,"Avenida Melo, 43",-19.32556,-41.25528,SP,Resplendor,2022-02-08T09:25:57,43,29485,34,102,True,3,600.09
127,"Vereda de Moura, 85",-23.44361,-51.87389,SP,Sarandi,2022-11-17T07:28:10,30,16997,30,90,True,3,409.18
128,"Pátio de da Conceição, 216",-19.7625,-44.31389,SP,Esmeraldas,2022-04-02T12:16:04,34,14581,24,48,True,3,188.84
129,"Favela de Cardoso, 61",-19.72806,-50.19556,SP,Iturama,2023-02-28T21:09:19,63,16587,32,128,False,2,350.6
130,"Travessa João Campos, 39",-19.32556,-41.25528,SP,Resplendor,2023-03-18T07:30:58,70,22396,16,16,False,4,139.95
131,"Campo de da Luz, 15",-8.28333,-35.03333,RE,Cabo,2021-06-11T19:53:38,57,9308,21,84,True,5,323.32
132,"Praça Manuela Pires, 863",-25.42944,-50.00639,SP,Palmeira,2022-07-07T17:23:17,38,20860,24,96,False,2,118.07
133,Distrito de Moura,-28.81833,-52.51028,SP,Soledade,2022-03-07T09:08:16,56,28446,36,108,True,3,261.87
134,"Campo Souza, 46",-23.44361,-51.87389,SP,Sarandi,2022-07-25T09:43:55,41,22065,27,81,False,3,684.61
135,"Sítio Julia da Cruz, 24",-21.205,-41.88778,SP,Itaperuna,2022-11-05T01:03:31,45,23954,36,144,False,3,670.76
136,"Rodovia de Mendes, 1",-21.205,-41.88778,SP,Itaperuna,2023-04-07T01:10:15,35,15282,32,128,False,3,1373.97
137,Rodovia Fernando da Mata,-21.205,-41.88778,SP,Itaperuna,2022-05-20T11:02:36,50,10155,37,185,True,4,1954.41
138,Núcleo de da Conceição,-17.74431,-48.62789,SP,Caldas Novas,2022-10-25T04:34:35,73,19326,32,224,True,3,1655.98
139,"Estrada de Viana, 21",-25.42944,-50.00639,SP,Palmeira,2021-09-20T17:02:46,10,26507,28,140,True,1,4.38
140,"Condomínio Ana Viana, 8",-22.53722,-42.98194,SP,Guapimirim,2021-10-08T13:14:46,41,29694,38,304,False,2,979.2
141,"Morro Campos, 12",-26.22861,-52.67056,SP,Pato Branco,2022-06-18T01:06:31,39,22387,28,196,False,3,942.91
142,"Vereda de Duarte, 96",-19.72806,-50.19556,SP,Iturama,2022-05-24T18:38:02,54,7749,21,105,True,2,425.69
143,"Área Benício da Luz, 81",-8.05389,-34.88111,RE,Recife,2022-05-18T15:04:55,44,10691,29,174,True,2,249.84
144,"Passarela Ana Clara Jesus, 1",-22.57306,-47.1725,SP,Artur Nogueira,2022-07-13T21:55:51,72,18155,30,60,True,4,378.0
145,"Alameda de da Rocha, 48",-20.87306,-48.29694,SP,Viradouro,2023-04-03T14:45:42,50,24080,41,287,False,3,287.73
146,"Esplanada Davi Lucas Pires, 35",-26.22861,-52.67056,SP,Pato Branco,2023-04-14T21:58:40,49,25025,41,41,False,3,265.97
147,"Via de Fogaça, 58",-22.92306,-53.13722,SP,Loanda,2021-12-28T20:23:32,49,27026,21,42,False,4,327.31
148,"Vereda Novaes, 229",-19.7625,-44.31389,SP,Esmeraldas,2021-11-08T20:14:07,32,23156,18,72,True,4,756.34
149,"Viaduto Viana, 61",-28.81833,-52.51028,SP,Soledade,2022-12-12T06:58:32,63,23634,34,170,False,4,1304.62
150,"Área Daniela Silveira, 152",-8.28333,-35.03333,RE,Cabo,2022-08-31T03:21:24,37,9293,20,120,True,5,1320.89
151,"Trevo Caldeira, 498",-29.2975,-51.50361,SP,Carlos Barbosa,2022-09-30T23:59:20,74,19708,36,144,True,2,519.29
152,"Lagoa Pereira, 948",-19.32556,-41.25528,SP,Resplendor,2021-05-19T19:00:51,39,14807,19,76,True,1,178.69
153,"Ladeira Pires, 53",-23.7975,-48.59278,SP,Buri,2022-11-06T16:50:56,55,19670,31,62,False,3,192.39
154,"Campo da Rosa, 810",-28.44917,-52.2,SP,Marau,2022-12-03T02:33:00,53,24243,35,175,False,1,147.98
155,Viela Sales,-21.41222,-42.19667,SP,Miracema,2022-10-08T19:32:19,40,24199,38,228,False,1,457.8
156,"Conjunto Almeida, 65",-28.44917,-52.2,SP,Marau,2022-12-11T15:10:45,54,17322,38,228,False,2,454.93
157,"Passarela Teixeira, 22",-19.7625,-44.31389,SP,Esmeraldas,2021-07-24T20:22:45,48,16518,34,272,True,1,436.73
158,"Praia de Melo, 310",-23.7975,-48.59278,SP,Buri,2022-08-30T00:19:59,33,23090,30,90,False,4,528.96
159,"Loteamento de Novaes, 302",-8.66667,-35.71667,RE,Catende,2022-03-22T03:33:44,46,8056,29,116,False,5,1165.32
160,"Esplanada Fernandes, 31",-22.57306,-47.1725,SP,Artur Nogueira,2021-09-04T05:52:49,71,19306,32,128,True,2,416.27
161,"Lagoa Lucas Gabriel Ribeiro, 340",-22.92306,-53.13722,SP,Loanda,2021-10-29T22:13:20,41,20849,37,148,False,2,247.1
162,"Área de Oliveira, 63",-22.57306,-47.1725,SP,Artur Nogueira,2021-12-24T09:36:43,27,25539,27,54,True,4,466.35
163,"Jardim Barbosa, 40",-28.24,-48.67028,SP,Imbituba,2022-01-24T21:39:55,59,20147,35,210,False,3,995.78
164,"Pátio Sophie Silveira, 50",-21.42917,-45.94722,SP,Alfenas,2022-06-06T01:24:51,43,21688,39,117,False,2,439.48
165,"Feira Ian Azevedo, 38",-17.74431,-48.62789,SP,Caldas Novas,2022-11-28T05:08:42,66,27011,12,24,True,3,125.01
166,"Morro Lopes, 23",-19.7625,-44.31389,SP,Esmeraldas,2022-12-30T23:11:03,24,14794,36,180,True,3,1044.45
167,"Morro Paulo Porto, 7",-21.41222,-42.19667,SP,Miracema,2023-03-07T02:10:03,13,14635,30,150,True,2,554.64
168,"Favela Carvalho, 93",-19.32556,-41.25528,SP,Resplendor,2022-01-14T19:41:29,76,18260,33,66,True,1,73.86
169,Setor de Porto,-23.44361,-51.87389,SP,Sarandi,2021-10-24T04:02:10,45,20426,39,195,True,4,1531.82
170,"Condomínio Ana Laura Campos, 1",-25.42778,-49.27306,SP,Curitiba,2023-02-27T11:14:25,53,17797,41,41,True,4,335.19
171,"Vereda Vieira, 88",-8.05389,-34.88111,RE,Recife,2021-12-05T15:22:31,48,10099,31,31,False,4,76.3
172,Rua Rebeca Vieira,-8.66667,-35.71667,RE,Catende,2023-03-31T18:48:53,47,8581,29,87,False,3,295.53
173,"Morro Rafael Barros, 92",-21.41222,-42.19667,SP,Miracema,2022-04-06T15:37:17,50,18869,29,87,True,3,662.56
174,"Rodovia Heloísa Oliveira, 94",-21.41222,-42.19667,SP,Miracema,2021-10-21T06:40:48,53,20937,22,66,True,2,278.4
175,"Avenida da Conceição, 32",-22.45667,-47.53028,SP,Santa Gertrudes,2021-12-25T00:44:57,40,16121,25,150,True,3,746.47
176,"Fazenda de da Luz, 44",-28.24,-48.67028,SP,Imbituba,2022-04-17T17:48:42,54,20487,24,96,False,4,564.37
177,"Viaduto de Cardoso, 36",-28.81833,-52.51028,SP,Soledade,2022-06-20T05:10:54,61,31170,32,64,True,3,376.16
178,"Área Pietra Alves, 55",-19.72806,-50.19556,SP,Iturama,2021-06-16T09:27:06,52,21700,35,105,False,3,544.6
179,"Esplanada Moraes, 27",-21.41222,-42.19667,SP,Miracema,2022-09-26T11:14:32,48,18293,35,175,True,3,1540.02
180,"Lagoa de Lopes, 379",-26.22861,-52.67056,SP,Pato Branco,2021-05-21T16:13:36,35,22933,34,68,False,3,442.09
181,"Lago Luiz Fernando da Cruz, 633",-8.66667,-35.71667,RE,Catende,2022-09-05T22:13:59,55,11904,27,108,False,3,534.02
182,"Jardim Pedro Henrique Barros, 61",-19.72806,-50.19556,SP,Iturama,2022-01-16T08:29:33,67,12903,31,124,True,1,269.72
183,Pátio de Caldeira,-28.44917,-52.2,SP,Marau,2022-11-07T06:06:04,48,19304,34,204,False,2,1235.13
184,"Viela de Moraes, 68",-22.45667,-47.53028,SP,Santa Gertrudes,2022-09-08T11:10:41,48,24147,37,148,False,3,437.93
185,"Largo Cardoso, 381",-8.28333,-35.03333,RE,Cabo,2021-07-09T08:25:16,35,8409,19,133,True,5,998.84
186,"Rodovia Benício Nunes, 83",-22.53722,-42.98194,SP,Guapimirim,2023-03-01T11:53:38,66,20349,32,160,False,3,-198.88
187,"Largo da Mota, 88",-22.57306,-47.1725,SP,Artur Nogueira,2022-01-09T08:59:03,46,20290,21,105,True,2,482.92
188,"Ladeira Farias, 181",-23.44361,-51.87389,SP,Sarandi,2021-07-13T07:37:21,48,27866,32,128,True,2,308.59
189,Ladeira Ramos,-19.72806,-50.19556,SP,Iturama,2022-01-26T01:22:22,36,19210,32,160,False,3,843.24
190,"Sítio Oliveira, 40",-21.42917,-45.94722,SP,Alfenas,2021-09-12T18:58:19,69,18449,25,75,False,2,308.16
191,"Residencial Jesus, 97",-21.41222,-42.19667,SP,Miracema,2022-11-20T14:53:38,37,28464,31,155,True,3,787.38
192,"Largo Mariana Gomes, 8",-21.41222,-42.19667,SP,Miracema,2021-07-15T01:39:30,50,20483,19,114,True,2,369.19
193,"Viela de Nascimento, 22",-22.97056,-46.99583,SP,Valinhos,2022-12-24T04:26:17,34,13644,31,124,False,1,322.0
194,"Ladeira Carvalho, 79",-28.44917,-52.2,SP,Marau,2023-01-09T08:50:58,48,22178,22,66,False,3,457.1
195,"Vila Sophia Teixeira, 74",-20.25333,-43.80139,SP,Itabirito,2022-10-08T15:06:20,77,31007,42,126,False,3,245.46
196,"Rodovia Laís Duarte, 39",-20.87306,-48.29694,SP,Viradouro,2021-06-26T16:00:39,39,28891,25,75,False,3,364.33
197,"Viela Juan Azevedo, 93",-21.42917,-45.94722,SP,Alfenas,2022-08-19T06:08:29,71,20151,43,43,True,4,226.52
198,Rodovia Dias,-22.45667,-47.53028,SP,Santa Gertrudes,2022-12-23T13:28:07,61,23614,35,175,False,2,244.22
199,"Avenida de Moraes, 8",-19.72806,-50.19556,SP,Iturama,2022-06-12T23:42:31,45,11619,31,93,True,3,544.93
200,"Quadra Ian Castro, 94",-19.72806,-50.19556,SP,Iturama,2021-06-02T11:35:10,26,15360,38,76,True,3,163.41
201,"Núcleo Eloah Costela, 6",-21.41222,-42.19667,SP,Miracema,2022-09-09T11:40:54,66,37526,29,145,False,1,18.71
202,"Quadra Pedro Miguel Aragão, 9",-29.2975,-51.50361,SP,Carlos Barbosa,2023-02-08T22:55:39,47,23800,35,70,True,2,356.51
203,"Estrada Gustavo Henrique Farias, 19",-20.25333,-43.80139,SP,Itabirito,2022-02-03T19:51:12,30,12777,33,165,False,1,476.31
204,"Recanto de Vieira, 337",-8.28333,-35.03333,RE,Cabo,2022-05-28T13:57:59,57,8479,27,108,False,3,368.25
205,"Viaduto Guilherme Costela, 8",-28.24,-48.67028,SP,Imbituba,2021-09-05T12:47:18,30,16974,23,138,True,2,626.5
206,"Núcleo de Farias, 85",-21.42917,-45.94722,SP,Alfenas,2021-11-24T18:21:55,53,21502,28,140,True,2,364.8
207,"Sítio de Rodrigues, 71",-28.81833,-52.51028,SP,Soledade,2023-02-28T04:39:13,45,17658,25,75,False,2,260.7
208,"Estrada de da Mata, 139",-8.66667,-35.71667,RE,Catende,2022-05-14T22:24:49,60,8969,19,38,False,3,41.3
209,Jardim Daniela Fogaça,-22.53722,-42.98194,SP,Guapimirim,2021-05-19T17:40:30,54,20386,31,93,True,4,936.05
210,"Residencial Samuel da Paz, 96",-22.45667,-47.53028,SP,Santa Gertrudes,2023-03-06T02:11:54,67,28309,38,76,True,2,214.18
211,"Pátio Rodrigo Novaes, 122",-19.72806,-50.19556,SP,Iturama,2022-09-03T20:20:07,51,14752,26,156,False,1,234.1
212,"Trevo Sales, 33",-8.05389,-34.88111,RE,Recife,2021-06-18T04:40:36,49,11080,23,92,True,3,617.13
213,"Residencial de Farias, 30",-23.44361,-51.87389,SP,Sarandi,2022-05-07T06:27:15,48,17414,22,66,False,2,307.36
214,"Estrada de Correia, 48",-25.42944,-50.00639,SP,Palmeira,2022-05-25T23:38:04,92,21417,27,54,False,2,162.39
215,"Pátio de Aragão, 19",-26.22861,-52.67056,SP,Pato Branco,2022-01-24T20:53:40,43,28876,38,152,False,1,139.75
216,"Praia Oliveira, 510",-23.7975,-48.59278,SP,Buri,2023-01-12T17:06:48,30,14175,32,160,False,2,582.62
217,Largo de Porto,-22.92306,-53.13722,SP,Loanda,2022-01-03T08:42:01,44,22501,20,60,False,2,304.97
218,"Rodovia Leandro Souza, 30",-21.205,-41.88778,SP,Itaperuna,2022-02-13T12:09:29,43,25313,21,63,True,2,161.81
219,"Avenida Moura, 72",-19.32556,-41.25528,SP,Resplendor,2022-08-07T07:12:18,27,15266,32,64,False,2,266.38
220,"Travessa Rebeca Oliveira, 2",-28.81833,-52.51028,SP,Soledade,2022-04-29T12:06:15,42,28054,25,150,True,1,43.52
221,"Favela Moura, 98",-25.42944,-50.00639,SP,Palmeira,2021-08-06T15:29:28,67,22194,29,116,False,4,532.83
222,"Área Daniel Monteiro, 55",-21.205,-41.88778,SP,Itaperuna,2021-07-29T23:51:25,44,14573,27,135,False,3,893.09
223,"Ladeira Gomes, 61",-22.57306,-47.1725,SP,Artur Nogueira,2021-09-01T11:41:00,48,26770,39,195,True,4,1244.03
224,"Loteamento Duarte, 4",-21.41222,-42.19667,SP,Miracema,2021-06-23T14:46:35,51,29050,33,33,True,3,79.23
225,"Área Bryan Santos, 553",-8.28333,-35.03333,RE,Cabo,2022-10-12T22:25:52,44,10272,28,84,False,3,467.05
226,"Alameda de Silveira, 61",-26.22861,-52.67056,SP,Pato Branco,2022-12-08T08:46:53,41,20695,28,168,True,2,469.67
227,"Avenida de da Conceição, 68",-25.42944,-50.00639,SP,Palmeira,2021-09-15T23:32:29,34,22948,29,174,False,3,349.73
228,"Trevo de Fogaça, 49",-25.42778,-49.27306,SP,Curitiba,2021-09-24T21:08:15,47,24640,22,66,False,2,262.8
229,"Ladeira Kamilly da Rosa, 8",-23.7975,-48.59278,SP,Buri,2021-10-29T05:53:56,64,9940,31,62,True,2,191.25
230,"Lagoa de Alves, 7",-28.44917,-52.2,SP,Marau,2021-06-20T22:33:38,48,18975,31,248,False,1,475.86
231,"Viela Maitê Rodrigues, 55",-23.44361,-51.87389,SP,Sarandi,2021-11-26T17:25:30,42,24364,29,87,True,1,207.52
232,"Loteamento Nicole Cardoso, 33",-19.72806,-50.19556,SP,Iturama,2021-06-13T23:32:10,38,16040,40,40,False,2,207.33
233,"Via Jesus, 51",-21.42917,-45.94722,SP,Alfenas,2022-10-23T00:42:06,29,23913,35,175,True,3,1337.6
234,"Fazenda Teixeira, 22",-19.32556,-41.25528,SP,Resplendor,2021-10-09T02:24:02,60,23211,45,315,True,3,3062.95
235,Feira de Porto,-22.97056,-46.99583,SP,Valinhos,2022-04-20T17:28:03,68,21635,29,87,True,4,554.88
236,Trecho Mariana Jesus,-21.205,-41.88778,SP,Itaperuna,2022-04-04T18:56:40,36,27637,33,132,True,5,1094.23
237,"Praça Sofia Lopes, 23",-23.7975,-48.59278,SP,Buri,2021-11-05T14:49:51,49,21148,46,184,False,3,874.82
238,"Sítio Lorenzo da Costa, 720",-21.41222,-42.19667,SP,Miracema,2022-03-11T03:42:10,43,18192,35,140,False,3,499.87
239,"Lago Ryan Jesus, 744",-28.24,-48.67028,SP,Imbituba,2022-04-25T14:34:00,44,16033,39,156,True,4,913.36
240,"Vereda de da Rosa, 70",-25.42944,-50.00639,SP,Palmeira,2022-01-10T20:23:31,54,11925,34,136,True,3,509.62
241,"Morro de Souza, 76",-29.2975,-51.50361,SP,Carlos Barbosa,2022-04-12T02:23:05,37,20231,12,60,False,1,-11.68
242,"Travessa de Fernandes, 26",-25.42944,-50.00639,SP,Palmeira,2022-09-26T05:59:36,30,27035,23,115,True,3,677.17
243,"Viaduto de da Conceição, 8",-21.41222,-42.19667,SP,Miracema,2022-11-21T10:22:38,49,14890,33,165,True,1,346.41
244,"Condomínio de Lopes, 46",-8.66667,-35.71667,RE,Catende,2022-04-16T09:19:08,55,7936,36,36,False,4,188.3
245,Esplanada de da Mata,-22.92306,-53.13722,SP,Loanda,2021-12-02T04:49:49,59,22523,25,75,False,3,312.3
246,"Parque Santos, 3",-25.42778,-49.27306,SP,Curitiba,2023-01-12T07:47:27,18,13777,36,36,True,1,24.21
247,"Estação Nascimento, 820",-19.7625,-44.31389,SP,Esmeraldas,2021-09-06T19:00:42,46,31611,23,161,True,1,472.4
248,"Avenida de Cardoso, 16",-23.7975,-48.59278,SP,Buri,2021-10-21T00:11:13,39,28995,43,215,True,2,1181.62
249,"Colônia Isadora da Rosa, 7",-25.42778,-49.27306,SP,Curitiba,2023-02-11T16:53:28,46,23183,30,210,True,3,1369.27
250,"Favela Araújo, 28",-22.92306,-53.13722,SP,Loanda,2022-11-11T02:36:36,51,16222,45,180,True,4,1550.45
251,"Passarela de Lopes, 19",-21.205,-41.88778,SP,Itaperuna,2022-11-25T17:30:53,50,24635,19,38,True,3,178.28
252,Residencial de da Mota,-22.45667,-47.53028,SP,Santa Gertrudes,2021-12-02T20:52:54,44,24473,36,108,True,2,464.78
253,"Lago Augusto Fernandes, 66",-19.32556,-41.25528,SP,Resplendor,2022-10-05T18:41:29,45,19020,38,152,True,1,338.18
254,"Lago Lima, 74",-8.05389,-34.88111,RE,Recife,2023-04-05T14:21:12,50,9433,18,108,True,5,663.54
255,"Conjunto Ferreira, 93",-8.66667,-35.71667,RE,Catende,2022-05-31T16:58:28,54,7822,37,296,True,4,1992.42
256,"Lagoa Caroline Ferreira, 78",-20.25333,-43.80139,SP,Itabirito,2022-04-26T01:20:22,34,14417,28,196,False,2,1205.97
257,"Alameda de Cavalcanti, 3",-25.42778,-49.27306,SP,Curitiba,2022-11-08T10:20:00,70,12171,27,27,False,2,71.32
258,"Praça Pires, 24",-25.42944,-50.00639,SP,Palmeira,2023-01-20T19:06:31,77,24214,30,60,False,3,344.45
259,"Viela Diogo Farias, 4",-8.66667,-35.71667,RE,Catende,2021-06-13T15:27:46,57,10495,32,160,False,3,534.45
260,"Estrada Alves, 97",-28.44917,-52.2,SP,Marau,2022-01-14T01:41:45,62,22794,32,64,True,2,235.07
261,"Lagoa Ferreira, 8",-20.25333,-43.80139,SP,Itabirito,2021-11-10T23:00:54,29,22949,44,176,True,2,347.41
262,"Residencial Marcela Moraes, 75",-23.7975,-48.59278,SP,Buri,2022-04-09T08:18:44,70,11200,25,125,True,3,1276.0
263,"Esplanada Isabella Sales, 41",-29.2975,-51.50361,SP,Carlos Barbosa,2023-04-12T21:53:02,64,22393,40,240,True,2,545.85
264,"Ladeira de Novaes, 258",-28.81833,-52.51028,SP,Soledade,2021-08-11T15:23:21,68,23041,30,210,False,3,1425.74
265,"Vila Pietra Carvalho, 75",-28.81833,-52.51028,SP,Soledade,2023-03-21T15:15:58,50,22429,32,192,False,3,1716.13
266,"Rodovia Martins, 66",-19.72806,-50.19556,SP,Iturama,2022-12-18T16:46:45,73,13947,33,99,True,3,924.61
267,"Colônia Duarte, 948",-26.22861,-52.67056,SP,Pato Branco,2022-07-16T01:13:16,21,23834,46,46,False,3,216.74
268,"Alameda de Lopes, 24",-8.28333,-35.03333,RE,Cabo,2022-03-06T06:36:23,39,6353,30,180,True,4,656.16
269,"Quadra Castro, 76",-22.45667,-47.53028,SP,Santa Gertrudes,2021-07-04T05:06:57,50,17885,31,62,False,3,128.92
270,"Alameda Martins, 217",-21.42917,-45.94722,SP,Alfenas,2022-12-01T05:19:18,58,13687,31,217,False,3,1319.22
271,"Pátio de Barbosa, 78",-29.2975,-51.50361,SP,Carlos Barbosa,2022-05-03T01:52:24,26,25951,28,140,True,1,111.36
272,"Praça Cunha, 572",-8.28333,-35.03333,RE,Cabo,2022-06-02T20:58:38,31,9639,24,24,False,3,33.26
273,"Feira de da Mata, 46",-22.45667,-47.53028,SP,Santa Gertrudes,2022-05-11T22:14:43,40,22782,18,90,False,3,252.63
274,"Feira Heitor Moura, 48",-26.22861,-52.67056,SP,Pato Branco,2022-01-28T07:10:00,52,16144,28,84,False,2,287.94
275,"Passarela Castro, 78",-25.42944,-50.00639,SP,Palmeira,2023-01-04T02:11:53,39,12631,23,46,True,4,414.12
276,"Loteamento Castro, 3",-8.05389,-34.88111,RE,Recife,2021-12-23T07:20:43,41,12620,23,92,False,6,1294.96
277,"Núcleo de Costa, 284",-26.22861,-52.67056,SP,Pato Branco,2022-05-13T05:53:51,46,16217,34,238,True,2,453.54
278,"Parque Ferreira, 242",-25.42778,-49.27306,SP,Curitiba,2022-07-11T06:53:57,42,15707,28,84,False,4,274.16
279,Feira Letícia Melo,-20.25333,-43.80139,SP,Itabirito,2022-09-14T05:23:33,38,20617,33,231,False,3,1444.81
280,"Jardim Gustavo Henrique Aragão, 4",-8.28333,-35.03333,RE,Cabo,2022-09-03T13:18:05,52,6995,24,192,False,4,667.89
281,"Parque Alves, 31",-8.28333,-35.03333,RE,Cabo,2021-07-29T16:35:39,39,9636,26,78,True,2,248.16
282,"Loteamento Clara Moreira, 52",-19.32556,-41.25528,SP,Resplendor,2022-02-23T05:59:56,39,14036,27,81,True,2,140.13
283,"Pátio Maria Correia, 81",-8.66667,-35.71667,RE,Catende,2023-03-10T13:57:21,50,10575,32,160,True,4,908.34
284,"Avenida Novaes, 15",-20.87306,-48.29694,SP,Viradouro,2021-10-22T12:24:49,43,14321,28,84,False,3,364.13
285,"Esplanada de Costela, 88",-8.28333,-35.03333,RE,Cabo,2021-07-20T08:16:48,44,8998,25,125,False,5,690.75
286,"Condomínio de Oliveira, 63",-22.57306,-47.1725,SP,Artur Nogueira,2022-06-18T14:37:19,60,23641,24,144,True,4,715.04
287,"Travessa de Gonçalves, 19",-19.7625,-44.31389,SP,Esmeraldas,2022-04-18T10:35:41,33,18439,25,100,False,3,253.98
288,Praça Duarte,-22.97056,-46.99583,SP,Valinhos,2023-01-09T20:02:44,59,26080,26,78,False,1,113.75
289,"Feira Correia, 72",-28.44917,-52.2,SP,Marau,2022-03-06T05:46:59,38,17637,31,62,True,3,250.43
290,Campo Araújo,-25.42778,-49.27306,SP,Curitiba,2021-11-18T08:02:49,51,20183,26,130,True,2,786.71
